{"cameraMode":{"drawMode":0,"name":"Shaded","section":"Shading Mode"},"sceneLighting":true,"audioPlay":false,"sceneViewState":{"showFog":true,"showMaterialUpdate":false,"showSkybox":false,"showFlares":true,"showImageEffects":true,"showParticleSystems":true},"in2DMode":false,"pivot":{"x":176.064208984375,"y":-104.85028076171875,"z":219.068115234375},"rotation":{"x":0.19452616572380067,"y":-0.8000290393829346,"z":0.34581732749938967,"w":0.45002612471580508},"size":802.2233276367188,"orthographic":false}